670;Galo;galo_670@gmail.com;2021-05-21 21:27:43 -0300;+55(20)2428-2827
718;Eduardo;eduardo_718@gmail.com;2021-07-28 20:18:59 -0300;+55(21)2530-3025
705;Patrício Araujo Barbosa;patricio-araujo-barbosa_705@gmail.com;2021-06-30 14:56:35 -0300;+55(23)2230-2022
715;Zekinha;zekinha_715@gmail.com;2021-07-18 15:10:46 -0300;+55(21)2124-2026
702;Aurijean Ferreira Barros;aurijean-ferreira-barros_702@gmail.com;2021-06-25 23:05:01 -0300;+55(23)2730-2729
695;Adelto Paulo Da silva;adelto-paulo-da-silva_695@gmail.com;2021-06-14 18:05:18 -0300;+55(22)2721-2321
700;José avany Cavalcante Júnior;jose-avany-cavalcante-junior_700@gmail.com;2021-06-23 19:09:44 -0300;+55(20)2026-2924
725;Americo Neto Alves de Sousa;americo-neto-alves-de-sousa_725@gmail.com;2021-08-19 21:00:48 -0300;+55(25)2428-2030
667;fabio76;fabio76_667@gmail.com;2021-05-21 21:22:09 -0300;+55(23)2325-3022
721;Kleber;kleber_721@gmail.com;2021-08-11 18:25:28 -0300;+55(23)3024-2327
673;Marli simao de Oliveira;marli-simao-de-oliveira_673@gmail.com;2021-05-21 21:55:05 -0300;+55(26)2524-2326
693;Lizia yohanna;lizia-yohanna_693@gmail.com;2021-06-13 20:31:27 -0300;+55(30)2626-3027
706;Ibson silveira prado;ibson-silveira-prado_706@gmail.com;2021-06-30 19:21:53 -0300;+55(22)2923-2230
727;Natã;nata_727@gmail.com;2021-08-22 03:25:19 -0300;+55(28)3028-2522
728;Adatangelo ;adatangelo_728@gmail.com;2021-08-26 09:34:45 -0300;+55(20)2524-3028
736;Rafae Silva Santos;rafae-silva-santos_736@gmail.com;2021-09-15 12:42:38 -0300;+55(29)2922-2920
719;Luiz Carlos;luiz-carlos_719@gmail.com;2021-07-28 23:24:49 -0300;+55(24)2825-2020
724;Americo Neto Alves;americo-neto-alves_724@gmail.com;2021-08-19 20:52:28 -0300;+55(30)2422-2625
777;Jose roberto bezerra de souza;jose-roberto-bezerra-de-souza_777@gmail.com;2021-09-27 22:24:47 -0300;+55(20)2229-2721
731;Wellington almeida da silva;wellington-almeida-da-silva_731@gmail.com;2021-09-03 18:16:21 -0300;+55(23)2125-2727
300;Fabio Santos Correia;fabio-santos-correia_300@gmail.com;2020-02-19 13:45:12 -0300;+55(20)2330-2129
262;José Carlos;jose-carlos_262@gmail.com;2020-01-21 23:38:38 -0300;+55(21)2525-2826
735;Adrian danner de lemos barbosa;adrian-danner-de-lemos-barbosa_735@gmail.com;2021-09-12 00:29:45 -0300;+55(27)3024-2825
729;Anderson;anderson_729@gmail.com;2021-08-28 18:35:27 -0300;+55(30)2022-2327
733;Raimundo Silva Pereira;raimundo-silva-pereira_733@gmail.com;2021-09-06 20:52:25 -0300;+55(25)2830-2829
738;Vitória Pereira;vitoria-pereira_738@gmail.com;2021-09-19 17:07:16 -0300;+55(20)2324-2824
739;Ana Lucia;ana-lucia_739@gmail.com;2021-09-22 12:30:31 -0300;+55(26)2522-3021
205;Roberto Teles Tenório;roberto-teles-tenorio_205@gmail.com;2019-11-18 09:24:57 -0300;+55(26)2424-2122
741;WILKE DOS SANTOS CALIXTO;wilke-dos-santos-calixto_741@gmail.com;2021-09-23 13:15:14 -0300;+55(29)2026-2929
154;Marquinho;marquinho_154@gmail.com;2019-10-21 15:02:48 -0300;+55(20)2327-2427
742;Roginelly;roginelly_742@gmail.com;2021-09-24 13:28:53 -0300;+55(20)2221-2724
743;João Paulo Magalhães;joao-paulo-magalhaes_743@gmail.com;2021-09-26 17:04:32 -0300;+55(22)2129-2229
776;Marcelo;marcelo_776@gmail.com;2021-09-27 18:16:53 -0300;+55(24)2329-2329
730;Wesley;wesley_730@gmail.com;2021-08-29 21:31:48 -0300;+55(30)2320-2621
707;Yago rafael Braga;yago-rafael-braga_707@gmail.com;2021-06-30 21:11:23 -0300;+55(20)3028-3025
734;Sallo;sallo_734@gmail.com;2021-09-09 17:48:02 -0300;+55(24)2427-2227
740;Fhabyo Albuquerque;fhabyo-albuquerque_740@gmail.com;2021-09-22 18:30:31 -0300;+55(30)2321-2730
732;Luik;luik_732@gmail.com;2021-09-03 22:08:07 -0300;+55(22)2829-2621
444;Alexsandro  Silva Oliveira;alexsandro-silva-oliveira_444@gmail.com;2020-09-12 21:56:16 -0300;+55(20)3028-2720
97;Carlos alberto;carlos-alberto_97@gmail.com;2019-09-19 09:43:05 -0300;+55(26)2520-2522
198;Welson Barbosa da Silva;welson-barbosa-da-silva_198@gmail.com;2019-11-06 12:04:39 -0300;+55(21)2623-2226
778;Karine dos santos;karine-dos-santos_778@gmail.com;2021-09-28 10:43:04 -0300;+55(29)2622-2030
390;Elielson;elielson_390@gmail.com;2020-07-07 10:12:29 -0300;+55(24)2926-2730
786;Adriana Aureliano Da Silva;adriana-aureliano-da-silva_786@gmail.com;2021-10-05 20:43:28 -0300;+55(27)2523-2830
779;Karolayne Monteiro Diniz Rodrigues;karolayne-monteiro-diniz-rodrigues_779@gmail.com;2021-09-28 15:34:10 -0300;+55(30)3022-3029
828;𝑾𝒊𝒍𝒍𝒚𝒔;_828@gmail.com;2021-10-29 23:43:37 -0300;+55(22)2625-2925
781;LAURIANE RAMOS DA SILVA;lauriane-ramos-da-silva_781@gmail.com;2021-10-02 01:17:12 -0300;+55(22)2225-2223
787;Niely Alves Ramos;niely-alves-ramos_787@gmail.com;2021-10-07 18:08:51 -0300;+55(30)2022-2723
869;Kethely Marlene da Silva;kethely-marlene-da-silva_869@gmail.com;2021-11-24 07:35:29 -0300;+55(21)2722-2825
785;José Tiago Nunes Dos santos;jose-tiago-nunes-dos-santos_785@gmail.com;2021-10-05 03:45:10 -0300;+55(25)2722-2123
780;LIVIA RANYELLE DE ARAUJO SALUSTIANO;livia-ranyelle-de-araujo-salustiano_780@gmail.com;2021-09-29 20:59:46 -0300;+55(29)2825-2024
782;Marcelo Oliveira Da Silva;marcelo-oliveira-da-silva_782@gmail.com;2021-10-02 13:45:15 -0300;+55(29)2920-2529
783;Renato Soares;renato-soares_783@gmail.com;2021-10-03 14:56:44 -0300;+55(23)2022-2125
832;Elder Santos;elder-santos_832@gmail.com;2021-11-08 19:21:09 -0300;+55(28)2123-2120
867;Alícia Marinho Santos;alicia-marinho-santos_867@gmail.com;2021-11-19 13:51:08 -0300;+55(20)2829-2227
831;Jhonatta;jhonatta_831@gmail.com;2021-11-08 13:51:44 -0300;+55(22)2729-2727
829;LUIZ DIOGO DE SOUZA SILVA;luiz-diogo-de-souza-silva_829@gmail.com;2021-10-31 09:41:07 -0300;+55(30)3022-2024
789;Cleber da Silva lins;cleber-da-silva-lins_789@gmail.com;2021-10-09 17:08:42 -0300;+55(30)2529-2327
793;Mylena Miranda Ferreira;mylena-miranda-ferreira_793@gmail.com;2021-10-20 11:30:47 -0300;+55(27)2623-2725
830;Judandi;judandi_830@gmail.com;2021-11-05 12:53:16 -0300;+55(23)2329-2923
826;Jefferson Teixeira da Silva;jefferson-teixeira-da-silva_826@gmail.com;2021-10-20 22:18:41 -0300;+55(27)2828-2724
502;Mathias;mathias_502@gmail.com;2020-11-14 09:41:49 -0300;+55(30)2523-2630
495;Fagner de almeida oliveira;fagner-de-almeida-oliveira_495@gmail.com;2020-10-31 08:55:46 -0300;+55(20)2521-3022
518;João Bosco;joao-bosco_518@gmail.com;2020-11-29 17:55:27 -0300;+55(30)2423-2920
211;Alan severino mendes de souza;alan-severino-mendes-de-souza_211@gmail.com;2019-12-02 23:29:14 -0300;+55(25)2323-2822
833;Denise Maria;denise-maria_833@gmail.com;2021-11-15 11:27:39 -0300;+55(24)2627-2428
834;Iana Rafaele Santos de Lima;iana-rafaele-santos-de-lima_834@gmail.com;2021-11-17 09:48:17 -0300;+55(30)2030-2428
868;Thiago Francisco;thiago-francisco_868@gmail.com;2021-11-21 16:39:47 -0300;+55(23)2926-2428
737;Dalmir;dalmir_737@gmail.com;2021-09-17 07:58:46 -0300;+55(25)2525-2628
870;José Gomes Ferreira de Lima junior;jose-gomes-ferreira-de-lima-junior_870@gmail.com;2021-11-24 15:34:24 -0300;+55(22)2024-2020
788;Severinojogos;severinojogos_788@gmail.com;2021-10-08 15:38:03 -0300;+55(26)2825-2729
784;Renato Bol365;renato-bol365_784@gmail.com;2021-10-03 15:15:01 -0300;+55(20)2630-2925
790;Jose Adriano da Silva;jose-adriano-da-silva_790@gmail.com;2021-10-09 18:15:11 -0300;+55(26)2725-2826
84;Wesley;wesley_84@gmail.com;2019-09-12 16:06:52 -0300;+55(21)2324-3020
792;Adriano;adriano_792@gmail.com;2021-10-09 18:28:59 -0300;+55(21)2424-3024
827;DEYVID RAMOS SILVA;deyvid-ramos-silva_827@gmail.com;2021-10-27 22:32:50 -0300;+55(26)3024-2021
450;José Luiz de Araújo Tavares;jose-luiz-de-araujo-tavares_450@gmail.com;2020-09-28 20:38:06 -0300;+55(28)2626-2230
1;Fabio Rogerio;fabio-rogerio_1@gmail.com;2019-06-20 12:41:28 -0300;+55(27)2529-2222
906;marcos eduardo buarque anselmo;marcos-eduardo-buarque-anselmo_906@gmail.com;2021-12-28 13:35:17 -0300;+55(26)2730-2623
570;Ednelson ramalho amorim;ednelson-ramalho-amorim_570@gmail.com;2021-01-08 10:46:08 -0300;+55(30)2921-2026
873;Diógenes;diogenes_873@gmail.com;2021-12-16 16:19:45 -0300;+55(26)2729-2627
93;Marcos eduardo;marcos-eduardo_93@gmail.com;2019-09-19 09:31:31 -0300;+55(25)2321-2030
791;Adriano silva;adriano-silva_791@gmail.com;2021-10-09 18:21:44 -0300;+55(29)2528-3026
576;José Edson da Conceição;jose-edson-da-conceicao_576@gmail.com;2021-01-30 18:52:37 -0300;+55(23)2027-2026
578;Kemerson emanuel Santiago de Oliveira;kemerson-emanuel-santiago-de-oliveira_578@gmail.com;2021-02-03 17:22:29 -0300;+55(20)2830-2027
908;Maria Paula Neves de arruda;maria-paula-neves-de-arruda_908@gmail.com;2022-01-03 18:22:05 -0300;+55(28)2526-2921
575;Emerson Victor lira de Souza;emerson-victor-lira-de-souza_575@gmail.com;2021-01-24 15:49:32 -0300;+55(20)2329-2930
526;tiririca;tiririca_526@gmail.com;2020-12-08 18:04:55 -0300;+55(21)2530-2521
7;Jamersom Ferreira alves;jamersom-ferreira-alves_7@gmail.com;2019-07-15 08:51:43 -0300;+55(22)2529-2028
39;Gilmar;gilmar_39@gmail.com;2019-08-01 17:02:46 -0300;+55(23)2324-2128
527;Edvaldo;edvaldo_527@gmail.com;2020-12-08 18:56:34 -0300;+55(27)2927-2020
871;Barcelona;barcelona_871@gmail.com;2021-11-29 08:36:37 -0300;+55(23)2426-2727
573;José gilvanio Souza Santos;jose-gilvanio-souza-santos_573@gmail.com;2021-01-22 01:59:50 -0300;+55(28)2227-2729
529;Geliane fireman honorio;geliane-fireman-honorio_529@gmail.com;2020-12-13 14:57:53 -0300;+55(30)2122-2925
212;Cassiano;cassiano_212@gmail.com;2019-12-05 18:48:10 -0300;+55(29)2325-2321
79;Victor Araújo;victor-araujo_79@gmail.com;2019-09-09 23:05:55 -0300;+55(22)2629-2724
567;Luis Carlos da Silva;luis-carlos-da-silva_567@gmail.com;2020-12-29 22:42:31 -0300;+55(29)2923-2425
95;Mauricio Neves;mauricio-neves_95@gmail.com;2019-09-19 09:34:39 -0300;+55(23)2423-2626
67;Mickaele Cristina da silva;mickaele-cristina-da-silva_67@gmail.com;2019-08-29 22:29:29 -0300;+55(30)3028-2324
909;sssw;sssw_909@gmail.com;2022-01-11 16:22:51 -0300;+55(23)2321-2425
530;Jalison Eulino Da Silva;jalison-eulino-da-silva_530@gmail.com;2020-12-15 18:40:23 -0300;+55(22)2721-2727
