568;Jailton dos Santos freire;jailton-dos-santos-freire_568@gmail.com;2021-01-03 00:10:03 -0300;+55(26)2823-2028
158;Cassio;cassio_158@gmail.com;2019-10-28 09:37:58 -0300;+55(29)3024-2522
80;Luis Fernando ;luis-fernando_80@gmail.com;2019-09-09 23:08:11 -0300;+55(26)2222-3022
162;Lucas daniel;lucas-daniel_162@gmail.com;2019-11-01 09:02:10 -0300;+55(29)2528-2721
196;José Lourinaldo de Melo Júnior;jose-lourinaldo-de-melo-junior_196@gmail.com;2019-11-06 06:07:07 -0300;+55(23)2627-2620
396;Silva;silva_396@gmail.com;2020-07-19 22:42:42 -0300;+55(25)2420-2123
520;Raphael Luis Gonçalves;raphael-luis-goncalves_520@gmail.com;2020-12-05 14:37:44 -0300;+55(21)2122-2820
254;Sergio Gomes dos santos;sergio-gomes-dos-santos_254@gmail.com;2019-12-22 20:51:29 -0300;+55(29)3021-2124
52;Leonardo domingos dos santos;leonardo-domingos-dos-santos_52@gmail.com;2019-08-29 21:48:15 -0300;+55(22)2925-2426
58;Franklin dos santos;franklin-dos-santos_58@gmail.com;2019-08-29 22:00:40 -0300;+55(23)2824-2125
571;José ivanildo santana de almeida Junior;jose-ivanildo-santana-de-almeida-junior_571@gmail.com;2021-01-12 10:45:13 -0300;+55(20)2130-2830
335;Marcelo;marcelo_335@gmail.com;2020-05-09 19:57:23 -0300;+55(24)2424-2020
284;Jonathan Ruan da Silva oliveira;jonathan-ruan-da-silva-oliveira_284@gmail.com;2020-02-16 15:07:27 -0300;+55(24)2720-2724
264;Joao paulo;joao-paulo_264@gmail.com;2020-01-27 19:21:01 -0300;+55(23)3027-2325
522;fabio ferreira da silva;fabio-ferreira-da-silva_522@gmail.com;2020-12-06 09:10:19 -0300;+55(24)2123-2225
206;ivanilton tojal da silva Nascimento nogueira;ivanilton-tojal-da-silva-nascimento-nogueira_206@gmail.com;2019-11-20 20:07:51 -0300;+55(28)2822-2922
441;maria helena;maria-helena_441@gmail.com;2020-08-28 18:02:47 -0300;+55(29)2524-2226
569;Amanda dos Santos Almeida;amanda-dos-santos-almeida_569@gmail.com;2021-01-06 17:59:47 -0300;+55(28)2020-2924
389;Erico Buarque;erico-buarque_389@gmail.com;2020-07-06 12:52:07 -0300;+55(21)2930-3022
521;Evelyn;evelyn_521@gmail.com;2020-12-05 22:01:47 -0300;+55(21)2021-2723
533;Sergio Vicente felipe;sergio-vicente-felipe_533@gmail.com;2020-12-18 17:33:23 -0300;+55(25)2124-2527
442;Tony;tony_442@gmail.com;2020-08-31 19:19:56 -0300;+55(22)3030-2629
73;Roberto tenorio;roberto-tenorio_73@gmail.com;2019-09-04 17:37:36 -0300;+55(22)2727-2422
872;Mundial ;mundial_872@gmail.com;2021-11-29 08:38:12 -0300;+55(23)2520-2721
907;Azus;azus_907@gmail.com;2021-12-28 16:25:12 -0300;+55(29)2628-2026
523;Moab Fireman;moab-fireman_523@gmail.com;2020-12-06 14:20:43 -0300;+55(29)2124-3025
53;Marcio Roberto da Silva lima;marcio-roberto-da-silva-lima_53@gmail.com;2019-08-29 21:50:58 -0300;+55(21)2323-2627
54;Wellington Jackson da Silva santos;wellington-jackson-da-silva-santos_54@gmail.com;2019-08-29 21:52:41 -0300;+55(29)2726-2523
501;Jadielson José Souza da Silva;jadielson-jose-souza-da-silva_501@gmail.com;2020-11-14 09:35:31 -0300;+55(28)2121-2525
299;Ikaro Ferreira Gouveia ;ikaro-ferreira-gouveia_299@gmail.com;2020-02-18 12:39:02 -0300;+55(27)2026-2626
6;José rafael;jose-rafael_6@gmail.com;2019-07-15 08:49:16 -0300;+55(24)2930-2521
436;Erick;erick_436@gmail.com;2020-08-09 22:45:50 -0300;+55(30)2424-2826
13;Sandra Lucia Silva;sandra-lucia-silva_13@gmail.com;2019-07-21 21:47:07 -0300;+55(30)2924-2322
8;Robson Fernandes;robson-fernandes_8@gmail.com;2019-07-16 07:56:22 -0300;+55(28)2627-2821
488;Rafael Acioli de Oliveira;rafael-acioli-de-oliveira_488@gmail.com;2020-10-07 00:53:47 -0300;+55(25)2222-2827
438;Tagner Gusmao Marinho;tagner-gusmao-marinho_438@gmail.com;2020-08-15 16:21:14 -0300;+55(30)2921-2330
30;Kiel da silva;kiel-da-silva_30@gmail.com;2019-07-30 09:24:53 -0300;+55(26)2328-2827
15;Ailtonjogos;ailtonjogos_15@gmail.com;2019-07-29 20:22:32 -0300;+55(29)2329-2220
36;Thomaz Rodrigues ;thomaz-rodrigues_36@gmail.com;2019-07-30 09:43:57 -0300;+55(22)2522-2525
59;Henrique2;henrique2_59@gmail.com;2019-08-29 22:02:19 -0300;+55(26)2821-2727
524;elvis patricio;elvis-patricio_524@gmail.com;2020-12-07 22:30:01 -0300;+55(26)2824-3020
24;Alison Pereira ;alison-pereira_24@gmail.com;2019-07-30 09:13:05 -0300;+55(25)3025-2727
19;Falajogos;falajogos_19@gmail.com;2019-07-29 20:33:17 -0300;+55(22)2029-2024
22;Leandro Silva lyra;leandro-silva-lyra_22@gmail.com;2019-07-30 08:41:35 -0300;+55(24)2920-2221
28;henriqueb;henriqueb_28@gmail.com;2019-07-30 09:22:00 -0300;+55(23)2425-2322
33;Paulo santos;paulo-santos_33@gmail.com;2019-07-30 09:33:32 -0300;+55(22)3023-2823
34;Perneta;perneta_34@gmail.com;2019-07-30 09:37:37 -0300;+55(23)2628-2024
23;Ronaldo isac;ronaldo-isac_23@gmail.com;2019-07-30 08:43:11 -0300;+55(21)2421-2128
249;Regina Martins;regina-martins_249@gmail.com;2019-12-13 15:34:10 -0300;+55(20)2620-2529
18;Williams da Silva;williams-da-silva_18@gmail.com;2019-07-29 20:31:20 -0300;+55(24)2223-2929
29;Jeferson da silva;jeferson-da-silva_29@gmail.com;2019-07-30 09:23:29 -0300;+55(24)2227-2523
35;Rafael da silva;rafael-da-silva_35@gmail.com;2019-07-30 09:40:38 -0300;+55(23)2225-2830
25;Luiz carlos;luiz-carlos_25@gmail.com;2019-07-30 09:15:48 -0300;+55(27)2428-2428
3;visitante;visitante_3@gmail.com;2019-06-27 17:03:39 -0300;+55(26)2524-2423
250;Adriano Aragão Gonçalves;adriano-aragao-goncalves_250@gmail.com;2019-12-20 09:50:22 -0300;+55(21)2129-2923
252;Maurício;mauricio_252@gmail.com;2019-12-22 11:06:22 -0300;+55(23)2227-2124
37;Vitoria de lima araujo;vitoria-de-lima-araujo_37@gmail.com;2019-07-30 09:45:25 -0300;+55(21)2130-2925
12;Leojaine da Silva soares;leojaine-da-silva-soares_12@gmail.com;2019-07-21 09:33:43 -0300;+55(28)2424-2220
57;Josilan Lopes dos santos;josilan-lopes-dos-santos_57@gmail.com;2019-08-29 21:56:33 -0300;+55(30)2721-2527
440;Nonon;nonon_440@gmail.com;2020-08-26 15:33:30 -0300;+55(26)2930-2330
42;Danilo;danilo_42@gmail.com;2019-08-20 20:31:55 -0300;+55(29)3029-2528
70;Matheus;matheus_70@gmail.com;2019-08-30 22:41:53 -0300;+55(24)2023-2527
64;Rogerio da silva;rogerio-da-silva_64@gmail.com;2019-08-29 22:15:16 -0300;+55(24)2723-3025
62;Denize da silva;denize-da-silva_62@gmail.com;2019-08-29 22:11:44 -0300;+55(30)2528-2624
38;Antonio Lourenço da silva junior;antonio-lourenco-da-silva-junior_38@gmail.com;2019-07-30 09:47:42 -0300;+55(30)2924-2725
16;Fabiojogos;fabiojogos_16@gmail.com;2019-07-29 20:24:24 -0300;+55(25)2120-2523
49;Ivonete soares;ivonete-soares_49@gmail.com;2019-08-29 21:33:13 -0300;+55(23)2220-3030
71;Ryan monteiro;ryan-monteiro_71@gmail.com;2019-09-03 11:40:16 -0300;+55(20)2220-2420
48;Júnior seixas;junior-seixas_48@gmail.com;2019-08-29 21:18:56 -0300;+55(28)2725-2826
65;Sebastião Heleno da silva;sebastiao-heleno-da-silva_65@gmail.com;2019-08-29 22:16:53 -0300;+55(27)2228-3020
66;João Batista gomes;joao-batista-gomes_66@gmail.com;2019-08-29 22:27:39 -0300;+55(25)2023-2422
68;Petrucio da silva;petrucio-da-silva_68@gmail.com;2019-08-29 22:30:51 -0300;+55(28)3021-3027
69;Edilma dos santos;edilma-dos-santos_69@gmail.com;2019-08-29 22:32:22 -0300;+55(26)2327-2729
251;SANTOS;santos_251@gmail.com;2019-12-21 16:36:05 -0300;+55(20)2229-2127
506;Nildo;nildo_506@gmail.com;2020-11-14 10:15:58 -0300;+55(29)2522-2425
47;José Cícero bezerra;jose-cicero-bezerra_47@gmail.com;2019-08-29 21:16:26 -0300;+55(30)2521-2021
50;Willian costa;willian-costa_50@gmail.com;2019-08-29 21:34:55 -0300;+55(30)2824-2525
63;Jorge da silva;jorge-da-silva_63@gmail.com;2019-08-29 22:13:35 -0300;+55(29)2721-2221
51;Ubiratan silva;ubiratan-silva_51@gmail.com;2019-08-29 21:36:49 -0300;+55(21)3029-2920
89;Francisco Henrique Barreto Ayres;francisco-henrique-barreto-ayres_89@gmail.com;2019-09-16 23:57:05 -0300;+55(26)2322-2026
17;Leto;leto_17@gmail.com;2019-07-29 20:29:07 -0300;+55(29)2129-2829
105;Enildo Lucindo da Silva;enildo-lucindo-da-silva_105@gmail.com;2019-09-24 16:21:33 -0300;+55(21)2420-2330
75;Danilo;danilo_75@gmail.com;2019-09-05 18:50:17 -0300;+55(23)2520-2126
99;Andre2;andre2_99@gmail.com;2019-09-19 09:46:09 -0300;+55(24)2121-2120
76;Danilo;danilo_76@gmail.com;2019-09-05 19:01:39 -0300;+55(21)2229-2525
92;Kaue;kaue_92@gmail.com;2019-09-17 14:26:41 -0300;+55(23)2429-2123
100;Thiago Santos;thiago-santos_100@gmail.com;2019-09-19 09:47:25 -0300;+55(23)2420-2329
103;Mara Carvalho;mara-carvalho_103@gmail.com;2019-09-23 11:05:54 -0300;+55(25)2028-2020
246;Halysson Bruno de Almeida Silva;halysson-bruno-de-almeida-silva_246@gmail.com;2019-12-11 19:28:06 -0300;+55(23)2125-2629
432;KARLLYSSON YURY MATOS DE OLIVEIRA;karllysson-yury-matos-de-oliveira_432@gmail.com;2020-08-05 20:59:58 -0300;+55(20)2930-2724
26;Edmilson silva batista;edmilson-silva-batista_26@gmail.com;2019-07-30 09:18:29 -0300;+55(29)2627-2428
60;Wilian;wilian_60@gmail.com;2019-08-29 22:03:52 -0300;+55(25)2027-2920
81;Jefferson;jefferson_81@gmail.com;2019-09-10 18:44:05 -0300;+55(21)2723-2621
77;Emanoel;emanoel_77@gmail.com;2019-09-05 23:49:05 -0300;+55(26)2924-2025
85;RONALDO MARTINS DE SOUZA;ronaldo-martins-de-souza_85@gmail.com;2019-09-13 07:07:10 -0300;+55(24)2822-2823
446;Frederico;frederico_446@gmail.com;2020-09-17 23:37:41 -0300;+55(27)2927-2529
452;Fabiano;fabiano_452@gmail.com;2020-09-30 12:21:17 -0300;+55(29)2830-2924
101;Carlos Roberto Marques Da Silva;carlos-roberto-marques-da-silva_101@gmail.com;2019-09-19 20:07:58 -0300;+55(28)2429-2527
102;wilson silvestre de lima;wilson-silvestre-de-lima_102@gmail.com;2019-09-23 07:40:07 -0300;+55(20)2229-2629
489;Rafael Acioli de Oliveira;rafael-acioli-de-oliveira_489@gmail.com;2020-10-07 00:56:23 -0300;+55(24)2523-3020
104;Júlio;julio_104@gmail.com;2019-09-23 21:46:51 -0300;+55(21)2225-2620
