id;nome;email;data_cadastro;telefone
641;Priscila Felix do Amaral;priscila-felix-do-amaral_641@gmail.com;2021-03-28 15:46:57 -0300;+55(30)2227-2428
94;idelmon;idelmon_94@gmail.com;2019-09-19 09:33:19 -0300;+55(29)3027-2026
584;Liliane soares da silva;liliane-soares-da-silva_584@gmail.com;2021-02-10 16:15:30 -0300;+55(21)2024-2520
580;Fagner jose dos santos;fagner-jose-dos-santos_580@gmail.com;2021-02-06 22:47:04 -0300;+55(24)2624-2029
21;Cildo;cildo_21@gmail.com;2019-07-30 08:40:10 -0300;+55(21)2222-2422
582;Nielton da Silva Santos;nielton-da-silva-santos_582@gmail.com;2021-02-08 21:11:22 -0300;+55(27)2028-2828
586;Armando Teles da Silva;armando-teles-da-silva_586@gmail.com;2021-02-12 12:20:14 -0300;+55(27)2720-2230
151;Fabricio;fabricio_151@gmail.com;2019-10-14 18:16:27 -0300;+55(20)2121-2326
83;Flavio junior;flavio-junior_83@gmail.com;2019-09-11 12:24:00 -0300;+55(22)2028-2122
587;Wagner;wagner_587@gmail.com;2021-02-14 10:56:25 -0300;+55(28)2620-2421
585;Jeine maria;jeine-maria_585@gmail.com;2021-02-11 20:49:04 -0300;+55(27)2528-2523
534;Thay;thay_534@gmail.com;2020-12-18 23:10:58 -0300;+55(29)2327-2626
639;Sindini vieira dos santos;sindini-vieira-dos-santos_639@gmail.com;2021-03-21 13:07:04 -0300;+55(28)2126-2123
528;Aparecido;aparecido_528@gmail.com;2020-12-12 17:02:38 -0300;+55(26)2721-2828
636;Edy Navarro;edy-navarro_636@gmail.com;2021-03-04 08:29:03 -0300;+55(30)3024-2821
626;Moab Tenorio;moab-tenorio_626@gmail.com;2021-02-21 11:49:26 -0300;+55(29)2921-2730
627;Jose Franciusci;jose-franciusci_627@gmail.com;2021-02-21 11:53:39 -0300;+55(29)2222-2227
637;Crislane luiz da Silva;crislane-luiz-da-silva_637@gmail.com;2021-03-07 00:11:09 -0300;+55(30)2821-2024
635;Emerson;emerson_635@gmail.com;2021-03-03 20:03:31 -0300;+55(20)2224-2829
638;Italo;italo_638@gmail.com;2021-03-15 20:19:48 -0300;+55(25)2323-2424
643;Djalma Macena da Silva;djalma-macena-da-silva_643@gmail.com;2021-03-30 13:19:21 -0300;+55(29)2726-2925
640;Darlison;darlison_640@gmail.com;2021-03-25 12:47:16 -0300;+55(25)2322-2125
642;Weverton;weverton_642@gmail.com;2021-03-29 10:41:43 -0300;+55(24)2320-2229
579;Weverton Luiz dos Santos;weverton-luiz-dos-santos_579@gmail.com;2021-02-05 23:00:17 -0300;+55(28)2322-2225
581;victor mateus rodrigues de souza;victor-mateus-rodrigues-de-souza_581@gmail.com;2021-02-07 13:23:55 -0300;+55(21)2430-2720
583;Nadilcio;nadilcio_583@gmail.com;2021-02-08 21:20:23 -0300;+55(27)2129-2426
531;nadilsom;nadilsom_531@gmail.com;2020-12-17 09:45:50 -0300;+55(27)2626-2027
5;Elisângela Lourenço de Almeida;elisangela-lourenco-de-almeida_5@gmail.com;2019-07-15 08:33:15 -0300;+55(27)2921-2822
74;Samara Lais Da Silva Santos;samara-lais-da-silva-santos_74@gmail.com;2019-09-05 09:35:02 -0300;+55(24)2129-2429
253;Wanderley Gomes;wanderley-gomes_253@gmail.com;2019-12-22 14:37:23 -0300;+55(24)2727-2520
649;Avaci Militao Donato santos;avaci-militao-donato-santos_649@gmail.com;2021-05-04 22:59:59 -0300;+55(24)2123-2721
653;Maria Aparecida liandra Gomes de Oliveira;maria-aparecida-liandra-gomes-de-oliveira_653@gmail.com;2021-05-09 19:35:49 -0300;+55(30)2823-2622
663;Jackson;jackson_663@gmail.com;2021-05-21 14:15:01 -0300;+55(27)2125-2121
654;José Carlos Elias de andrade;jose-carlos-elias-de-andrade_654@gmail.com;2021-05-10 12:09:15 -0300;+55(27)2627-2827
651;Júlio;julio_651@gmail.com;2021-05-07 19:56:20 -0300;+55(23)2826-2923
644;Aquila santos;aquila-santos_644@gmail.com;2021-04-04 11:06:24 -0300;+55(23)2121-2721
371;José Geovane da Silva;jose-geovane-da-silva_371@gmail.com;2020-05-28 17:45:42 -0300;+55(27)2827-2425
645;Marcio Roberto Santos;marcio-roberto-santos_645@gmail.com;2021-04-09 15:20:43 -0300;+55(22)2827-2620
646;Jardiane;jardiane_646@gmail.com;2021-04-17 14:05:16 -0300;+55(29)2630-2723
650;Wellington junio França de almeida;wellington-junio-franca-de-almeida_650@gmail.com;2021-05-05 21:50:42 -0300;+55(29)2927-2720
648;Iran dos santos Silva;iran-dos-santos-silva_648@gmail.com;2021-04-19 23:15:29 -0300;+55(28)2222-2123
661;João Gabriel Santos Silva;joao-gabriel-santos-silva_661@gmail.com;2021-05-20 18:17:50 -0300;+55(30)2129-2927
657;Erilane Da Silva;erilane-da-silva_657@gmail.com;2021-05-10 19:41:03 -0300;+55(30)2620-3026
674;Oliveira;oliveira_674@gmail.com;2021-05-24 10:23:36 -0300;+55(25)2229-2728
658;Henrique;henrique_658@gmail.com;2021-05-11 08:17:05 -0300;+55(24)2228-3020
652;Maria Michelle dos Santos Goiana;maria-michelle-dos-santos-goiana_652@gmail.com;2021-05-08 21:16:48 -0300;+55(28)2226-2723
662;Jose Jackson Marques dos Santos;jose-jackson-marques-dos-santos_662@gmail.com;2021-05-21 12:33:17 -0300;+55(22)2424-3029
660;Sandra Paula dos Santos silva;sandra-paula-dos-santos-silva_660@gmail.com;2021-05-19 22:33:09 -0300;+55(22)2029-2124
675;Josuel laurentino Da Silva;josuel-laurentino-da-silva_675@gmail.com;2021-05-25 13:06:11 -0300;+55(21)2520-2623
676;duda;duda_676@gmail.com;2021-05-26 00:52:04 -0300;+55(20)2526-2328
677;Daylisson;daylisson_677@gmail.com;2021-05-26 00:54:08 -0300;+55(26)2727-2828
678;Tamiris;tamiris_678@gmail.com;2021-05-30 19:51:59 -0300;+55(30)2520-2026
664;Willams;willams_664@gmail.com;2021-05-21 21:02:41 -0300;+55(26)2030-2529
680;Vitor Litrenta;vitor-litrenta_680@gmail.com;2021-05-31 12:49:14 -0300;+55(30)2429-3028
647;Cicera;cicera_647@gmail.com;2021-04-17 14:10:23 -0300;+55(30)2020-2526
659;alex sandro pereira da silva;alex-sandro-pereira-da-silva_659@gmail.com;2021-05-19 01:29:20 -0300;+55(24)2229-2022
655;Vitoria Regina Cândida dos Santos Silva;vitoria-regina-candida-dos-santos-silva_655@gmail.com;2021-05-10 15:16:08 -0300;+55(23)2423-2823
679;Thainá Batista dos Santos;thaina-batista-dos-santos_679@gmail.com;2021-05-30 23:36:30 -0300;+55(20)3029-2925
665;Inho;inho_665@gmail.com;2021-05-21 21:18:39 -0300;+55(25)2721-2730
684;Rogerio capela fontes;rogerio-capela-fontes_684@gmail.com;2021-06-03 12:03:25 -0300;+55(28)2926-3021
681;ALBERT KELVIN FARIAS LIMA;albert-kelvin-farias-lima_681@gmail.com;2021-05-31 19:25:52 -0300;+55(22)2921-2720
671;Leonardo;leonardo_671@gmail.com;2021-05-21 21:28:56 -0300;+55(29)2328-2922
682;Ely Sérgio da Silva Medeiros;ely-sergio-da-silva-medeiros_682@gmail.com;2021-06-02 16:26:26 -0300;+55(25)3030-2721
672;Flavio;flavio_672@gmail.com;2021-05-21 21:30:11 -0300;+55(20)2428-2021
86;Jose adriano;jose-adriano_86@gmail.com;2019-09-13 18:15:15 -0300;+55(20)2530-2427
666;Jarlan;jarlan_666@gmail.com;2021-05-21 21:20:27 -0300;+55(28)2029-2925
656;Adryelle Silva dos Santos;adryelle-silva-dos-santos_656@gmail.com;2021-05-10 15:39:47 -0300;+55(25)2525-2821
686;Ronaldo Da Silva lima;ronaldo-da-silva-lima_686@gmail.com;2021-06-06 19:09:27 -0300;+55(24)2721-2221
698;Eronildes Júnior;eronildes-junior_698@gmail.com;2021-06-20 11:48:33 -0300;+55(28)2129-3024
701;Claudia Tenorio Dos Santos;claudia-tenorio-dos-santos_701@gmail.com;2021-06-24 13:47:06 -0300;+55(21)2021-2026
696;John coltt da silva teixeira;john-coltt-da-silva-teixeira_696@gmail.com;2021-06-16 15:37:37 -0300;+55(21)2520-2029
690;ERINALDO;erinaldo_690@gmail.com;2021-06-12 13:19:34 -0300;+55(27)2725-2226
691;Tone Ramos Da Silva Júnior;tone-ramos-da-silva-junior_691@gmail.com;2021-06-13 15:24:37 -0300;+55(27)2024-2830
685;Maciel;maciel_685@gmail.com;2021-06-04 09:15:35 -0300;+55(28)3021-2721
683;Ana Carolina Ferreira Alves;ana-carolina-ferreira-alves_683@gmail.com;2021-06-02 18:25:28 -0300;+55(29)2128-2123
712;Wellington;wellington_712@gmail.com;2021-07-11 17:29:57 -0300;+55(30)2230-2421
687;JHONATHAN BEZERRA CORDEIRO;jhonathan-bezerra-cordeiro_687@gmail.com;2021-06-08 21:35:44 -0300;+55(22)2021-2520
704;Gustavo de França Santos da Silva;gustavo-de-franca-santos-da-silva_704@gmail.com;2021-06-30 07:40:38 -0300;+55(20)2625-2821
694;Lucas;lucas_694@gmail.com;2021-06-14 16:57:19 -0300;+55(20)2124-3021
697;Gisele Bernardo Dos Santos;gisele-bernardo-dos-santos_697@gmail.com;2021-06-19 17:12:57 -0300;+55(20)2729-2523
443;JUAN CARLOS DA SILVA;juan-carlos-da-silva_443@gmail.com;2020-09-04 12:53:06 -0300;+55(25)2925-2023
708;Rodrigo sakaa;rodrigo-sakaa_708@gmail.com;2021-07-01 12:45:37 -0300;+55(30)3025-2520
714;Zekinha;zekinha_714@gmail.com;2021-07-18 15:08:27 -0300;+55(25)2921-2021
722;Yago;yago_722@gmail.com;2021-08-16 00:21:21 -0300;+55(24)2128-2425
699;Diego Conceição Fagundes;diego-conceicao-fagundes_699@gmail.com;2021-06-23 11:41:55 -0300;+55(28)2327-2829
726;Leo;leo_726@gmail.com;2021-08-21 00:19:59 -0300;+55(26)2530-2424
710;Jacó do carmo caetano;jaco-do-carmo-caetano_710@gmail.com;2021-07-04 09:30:03 -0300;+55(21)2923-2624
717;Rodolfo;rodolfo_717@gmail.com;2021-07-24 11:36:03 -0300;+55(24)2821-2628
703;Jorge;jorge_703@gmail.com;2021-06-29 16:00:41 -0300;+55(24)2526-2427
713;Wagner;wagner_713@gmail.com;2021-07-12 10:15:41 -0300;+55(30)2928-2220
689;Jhon;jhon_689@gmail.com;2021-06-11 12:57:56 -0300;+55(25)2527-2425
711;Edson;edson_711@gmail.com;2021-07-10 14:10:13 -0300;+55(22)2330-2724
625;teste2;teste2_625@gmail.com;2021-02-20 23:54:57 -0300;+55(28)2424-2720
668;Oliveira.;oliveira_668@gmail.com;2021-05-21 21:24:08 -0300;+55(24)2624-2420
716;Samteste;samteste_716@gmail.com;2021-07-21 23:03:14 -0300;+55(30)3023-2426
709;DOUGLAS FERNANDES DA SILVA;douglas-fernandes-da-silva_709@gmail.com;2021-07-01 15:54:32 -0300;+55(30)2820-2229
723;Sim ;sim_723@gmail.com;2021-08-16 16:14:23 -0300;+55(24)2425-2530
669;Carioca;carioca_669@gmail.com;2021-05-21 21:25:21 -0300;+55(22)2324-2124
692;Ewerthon Oliveira da Silva;ewerthon-oliveira-da-silva_692@gmail.com;2021-06-13 20:27:11 -0300;+55(25)2627-2227
688;Jhonathan bezerra;jhonathan-bezerra_688@gmail.com;2021-06-08 21:40:27 -0300;+55(28)2925-2322
720;Renan;renan_720@gmail.com;2021-08-04 22:38:58 -0300;+55(23)2124-2628
